{
 "K": [
  [
   682.5709294664271,
   0.0,
   316.1976922031661
  ],
  [
   0.0,
   681.7761163059901,
   247.18669845478573
  ],
  [
   0.0,
   0.0,
   1.0
  ]
 ],
 "d": 3,
 "h": 2,
 "pan": 0,
 "tilt": 30
}